"product_number","product_name","product_base","order_date","units","gross_revenue_incl_gst","net_revenue_ex_gst","effective_cogs","gateway_fee","rto_cost","meta_spend","meta_purchases","net_profit","status"
1,"FluffMist Pet Brush","TH-037-MISTBRU","2026-05-03",2,1798,1523.73,383.06,44.96,0,0,0,1095.71,"PROFIT"
1,"FluffMist Pet Brush","TH-037-MISTBRU","2026-05-05",1,899,761.86,191.53,22.48,0,0,0,547.85,"PROFIT"
1,"FluffMist Pet Brush","TH-037-MISTBRU","2026-05-17",1,899,761.86,191.53,22.48,0,0,0,547.85,"PROFIT"
1,"FluffMist Pet Brush","TH-037-MISTBRU","2026-05-20",1,999,846.61,310.95,24.98,0,0,0,510.68,"PROFIT"
1,"FluffMist Pet Brush","TH-037-MISTBRU","2026-05-25",0,0,0,0,0,0,364.24,0,-364.24,"LOSS"
1,"FluffMist Pet Brush","TH-037-MISTBRU","2026-05-26",1,999,846.61,310.95,24.98,0,0,0,510.68,"PROFIT"
1,"FluffMist Pet Brush","TH-037-MISTBRU","2026-05-31",1,999,846.61,310.95,24.98,0,0,0,510.68,"PROFIT"
2,"AvoCool Gel Mat (L/XL)","TH-368-AVOCOOLMAT","2026-05-01",40,102960,87254.24,47451.2,2574.2,702,37779.25,45,-1252.41,"LOSS"
2,"AvoCool Gel Mat (L/XL)","TH-368-AVOCOOLMAT","2026-05-02",28,72972,61840.68,33710.84,1824.44,585,26753.17,21,-1032.77,"LOSS"
2,"AvoCool Gel Mat (L/XL)","TH-368-AVOCOOLMAT","2026-05-03",41,97959,83016.1,44471.23,2449.18,468,38262.82,44,-2635.13,"LOSS"
2,"AvoCool Gel Mat (L/XL)","TH-368-AVOCOOLMAT","2026-05-04",17,38983,33036.44,17540.51,974.66,0,37775.66,20,-23254.39,"LOSS"
2,"AvoCool Gel Mat (L/XL)","TH-368-AVOCOOLMAT","2026-05-05",17,44983,38121.19,20840.51,1124.66,0,32695.01,23,-16538.99,"LOSS"
2,"AvoCool Gel Mat (L/XL)","TH-368-AVOCOOLMAT","2026-05-06",12,35988,30498.31,17040.36,899.76,0,20536.89,14,-7978.7,"LOSS"
2,"AvoCool Gel Mat (L/XL)","TH-368-AVOCOOLMAT","2026-05-07",17,50983,43205.93,24140.51,1274.66,0,23240.75,20,-5449.99,"LOSS"
2,"AvoCool Gel Mat (L/XL)","TH-368-AVOCOOLMAT","2026-05-08",20,59980,50830.51,28400.6,1499.6,234,25755.27,19,-5058.96,"LOSS"
2,"AvoCool Gel Mat (L/XL)","TH-368-AVOCOOLMAT","2026-05-09",6,17994,15249.15,8520.18,449.88,0,21650.73,9,-15371.64,"LOSS"
2,"AvoCool Gel Mat (L/XL)","TH-368-AVOCOOLMAT","2026-05-10",14,41986,35581.36,19880.42,1049.72,234,26835.15,16,-12417.93,"LOSS"
2,"AvoCool Gel Mat (L/XL)","TH-368-AVOCOOLMAT","2026-05-11",10,29990,25415.25,14200.3,749.8,0,22588.91,13,-12123.76,"LOSS"
2,"AvoCool Gel Mat (L/XL)","TH-368-AVOCOOLMAT","2026-05-12",13,34987,29650,16260.39,874.74,117,16042.12,14,-3644.25,"LOSS"
2,"AvoCool Gel Mat (L/XL)","TH-368-AVOCOOLMAT","2026-05-13",21,56979,48287.29,26520.63,1424.58,234,24452.48,34,-4344.4,"LOSS"
2,"AvoCool Gel Mat (L/XL)","TH-368-AVOCOOLMAT","2026-05-14",8,24992,21179.66,11160.24,799.84,117,15987.7,10,-6885.12,"LOSS"
2,"AvoCool Gel Mat (L/XL)","TH-368-AVOCOOLMAT","2026-05-15",7,22993,19485.59,7015.21,574.86,0,9073.14,4,2822.38,"PROFIT"
2,"AvoCool Gel Mat (L/XL)","TH-368-AVOCOOLMAT","2026-05-16",3,10997,9319.49,3635.09,274.94,0,9289.35,5,-3879.89,"LOSS"
2,"AvoCool Gel Mat (L/XL)","TH-368-AVOCOOLMAT","2026-05-17",3,10997,9319.49,3635.09,274.94,117,9302.6,3,-4010.14,"LOSS"
2,"AvoCool Gel Mat (L/XL)","TH-368-AVOCOOLMAT","2026-05-18",2,6998,5930.51,2240.06,174.96,0,2807.59,2,707.9,"PROFIT"
2,"AvoCool Gel Mat (L/XL)","TH-368-AVOCOOLMAT","2026-05-19",10,32490,27533.9,16850.1,749.8,0,12467.12,16,-2533.12,"LOSS"
2,"AvoCool Gel Mat (L/XL)","TH-368-AVOCOOLMAT","2026-05-20",8,22992,19484.75,12510.08,574.84,117,11813.49,11,-5530.66,"LOSS"
2,"AvoCool Gel Mat (L/XL)","TH-368-AVOCOOLMAT","2026-05-21",24,67976,57606.78,36560.24,1699.52,702,15063.73,28,3581.29,"PROFIT"
2,"AvoCool Gel Mat (L/XL)","TH-368-AVOCOOLMAT","2026-05-22",19,58481,49560.17,33470.19,1462.12,234,14092.13,23,301.73,"PROFIT"
2,"AvoCool Gel Mat (L/XL)","TH-368-AVOCOOLMAT","2026-05-23",11,30489,25838.14,16110.11,762.28,0,15246.2,12,-6280.45,"LOSS"
2,"AvoCool Gel Mat (L/XL)","TH-368-AVOCOOLMAT","2026-05-24",11,31489,26685.59,17080.11,787.28,117,16975.46,20,-8274.26,"LOSS"
2,"AvoCool Gel Mat (L/XL)","TH-368-AVOCOOLMAT","2026-05-25",7,17493,14824.58,8400.07,437.36,117,5451.33,5,418.82,"PROFIT"
2,"AvoCool Gel Mat (L/XL)","TH-368-AVOCOOLMAT","2026-05-26",11,31489,26685.59,17080.11,787.28,0,8306.01,19,512.19,"PROFIT"
2,"AvoCool Gel Mat (L/XL)","TH-368-AVOCOOLMAT","2026-05-27",9,24491,20755.08,12740.09,612.32,0,11021.62,14,-3618.95,"LOSS"
2,"AvoCool Gel Mat (L/XL)","TH-368-AVOCOOLMAT","2026-05-28",4,9996,8471.19,4800.04,249.92,0,6948.87,6,-3527.64,"LOSS"
2,"AvoCool Gel Mat (L/XL)","TH-368-AVOCOOLMAT","2026-05-29",10,26990,22872.88,13940.1,674.8,117,11296.84,17,-3155.86,"LOSS"
2,"AvoCool Gel Mat (L/XL)","TH-368-AVOCOOLMAT","2026-05-30",0,0,0,0,0,0,3594.64,2,-3594.64,"LOSS"
2,"AvoCool Gel Mat (L/XL)","TH-368-AVOCOOLMAT","2026-05-31",5,16495,13978.81,9880.05,412.4,0,4127.51,2,-441.15,"LOSS"
3,"SnugSole Boots","TH-012-SNUGBOO","2026-05-02",1,2099,1778.81,648.53,52.48,0,0,0,1077.8,"PROFIT"
3,"SnugSole Boots","TH-012-SNUGBOO","2026-05-03",2,4498,3811.86,1400.56,112.46,0,0,0,2298.84,"PROFIT"
3,"SnugSole Boots","TH-012-SNUGBOO","2026-05-04",1,2299,1948.31,717.53,57.48,0,0,0,1173.3,"PROFIT"
3,"SnugSole Boots","TH-012-SNUGBOO","2026-05-05",2,4798,4066.1,1427.06,119.96,0,0,0,2519.08,"PROFIT"
3,"SnugSole Boots","TH-012-SNUGBOO","2026-05-06",1,2299,1948.31,717.53,57.48,0,0,0,1173.3,"PROFIT"
3,"SnugSole Boots","TH-012-SNUGBOO","2026-05-08",0,0,0,0,0,0,345.21,0,-345.21,"LOSS"
3,"SnugSole Boots","TH-012-SNUGBOO","2026-05-09",1,2299,1948.31,717.53,57.48,117,934.68,0,121.62,"PROFIT"
3,"SnugSole Boots","TH-012-SNUGBOO","2026-05-10",2,4698,3981.36,1392.56,117.46,0,1544.4,0,926.94,"PROFIT"
3,"SnugSole Boots","TH-012-SNUGBOO","2026-05-12",2,4798,4066.1,1427.06,119.96,234,0,0,2285.08,"PROFIT"
3,"SnugSole Boots","TH-012-SNUGBOO","2026-05-13",1,2699,2287.29,778.53,67.48,0,0,0,1441.28,"PROFIT"
3,"SnugSole Boots","TH-012-SNUGBOO","2026-05-14",0,0,0,0,0,0,0,0,0,"BREAKEVEN"
3,"SnugSole Boots","TH-012-SNUGBOO","2026-05-15",2,5998,5083.05,1363.06,149.96,0,0,0,3570.03,"PROFIT"
3,"SnugSole Boots","TH-012-SNUGBOO","2026-05-17",1,2999,2541.53,771.03,74.98,0,0,0,1695.52,"PROFIT"
3,"SnugSole Boots","TH-012-SNUGBOO","2026-05-18",2,5998,5083.05,1434.06,149.96,117,0,0,3382.03,"PROFIT"
3,"SnugSole Boots","TH-012-SNUGBOO","2026-05-21",2,5998,5083.05,1818.52,149.96,0,0,0,3114.57,"PROFIT"
3,"SnugSole Boots","TH-012-SNUGBOO","2026-05-22",1,2999,2541.53,810.95,74.98,0,0,0,1655.6,"PROFIT"
3,"SnugSole Boots","TH-012-SNUGBOO","2026-05-25",1,2999,2541.53,776.62,74.98,0,0,0,1689.93,"PROFIT"
3,"SnugSole Boots","TH-012-SNUGBOO","2026-05-28",2,5998,5083.05,1685.88,149.96,0,0,0,3247.21,"PROFIT"
4,"FurEase Click Brush","TH-008-CLIBRU","2026-05-03",1,499,422.88,191.53,12.48,0,0,0,218.87,"PROFIT"
4,"FurEase Click Brush","TH-008-CLIBRU","2026-05-06",1,499,422.88,191.53,12.48,0,0,0,218.87,"PROFIT"
4,"FurEase Click Brush","TH-008-CLIBRU","2026-05-11",1,499,422.88,191.53,12.48,0,0,0,218.87,"PROFIT"
4,"FurEase Click Brush","TH-008-CLIBRU","2026-05-18",1,499,422.88,191.53,12.48,0,0,0,218.87,"PROFIT"
4,"FurEase Click Brush","TH-008-CLIBRU","2026-05-30",1,599,507.63,309.26,14.98,0,0,0,183.39,"PROFIT"
5,"FusionGrip Harness","TH-348-FUSIONHARNESS","2026-05-01",0,0,0,0,0,0,1665.83,0,-1665.83,"LOSS"
5,"FusionGrip Harness","TH-348-FUSIONHARNESS","2026-05-02",3,8997,7624.58,2832.09,224.94,0,4472.86,2,94.69,"PROFIT"
5,"FusionGrip Harness","TH-348-FUSIONHARNESS","2026-05-03",5,14995,12707.63,4892.15,374.9,117,6976.8,6,346.78,"PROFIT"
5,"FusionGrip Harness","TH-348-FUSIONHARNESS","2026-05-04",1,2999,2541.53,1030.03,74.98,0,5021.99,1,-3585.47,"LOSS"
5,"FusionGrip Harness","TH-348-FUSIONHARNESS","2026-05-05",1,2999,2541.53,901.03,74.98,0,1603.68,0,-38.16,"LOSS"
5,"FusionGrip Harness","TH-348-FUSIONHARNESS","2026-05-06",1,2999,2541.53,1030.03,74.98,0,2515.03,0,-1078.51,"LOSS"
5,"FusionGrip Harness","TH-348-FUSIONHARNESS","2026-05-07",0,0,0,0,0,0,1608.32,0,-1608.32,"LOSS"
5,"FusionGrip Harness","TH-348-FUSIONHARNESS","2026-05-08",4,11996,10166.1,3862.12,299.92,0,5571.02,5,433.04,"PROFIT"
5,"FusionGrip Harness","TH-348-FUSIONHARNESS","2026-05-09",1,2999,2541.53,901.03,74.98,0,2112.17,0,-546.65,"LOSS"
5,"FusionGrip Harness","TH-348-FUSIONHARNESS","2026-05-10",0,0,0,0,0,0,0,2,0,"BREAKEVEN"
5,"FusionGrip Harness","TH-348-FUSIONHARNESS","2026-05-11",3,8997,7624.58,2703.09,224.94,0,0,0,4696.55,"PROFIT"
5,"FusionGrip Harness","TH-348-FUSIONHARNESS","2026-05-12",1,2999,2541.53,1030.03,74.98,0,0,0,1436.52,"PROFIT"
5,"FusionGrip Harness","TH-348-FUSIONHARNESS","2026-05-13",1,2999,2541.53,901.03,74.98,0,0,0,1565.52,"PROFIT"
5,"FusionGrip Harness","TH-348-FUSIONHARNESS","2026-05-23",2,6998,5930.51,2065.98,174.96,0,0,0,3689.57,"PROFIT"
5,"FusionGrip Harness","TH-348-FUSIONHARNESS","2026-05-25",0,0,0,0,0,0,514.24,0,-514.24,"LOSS"
5,"FusionGrip Harness","TH-348-FUSIONHARNESS","2026-05-26",2,6998,5930.51,2323.6,174.96,0,1603.72,1,1828.23,"PROFIT"
5,"FusionGrip Harness","TH-348-FUSIONHARNESS","2026-05-27",2,6998,5930.51,2194.79,174.96,0,1013.31,1,2547.45,"PROFIT"
5,"FusionGrip Harness","TH-348-FUSIONHARNESS","2026-05-28",0,0,0,0,0,0,1089.17,0,-1089.17,"LOSS"
5,"FusionGrip Harness","TH-348-FUSIONHARNESS","2026-05-29",3,8997,7624.58,3522.9,224.94,0,3603.96,5,272.78,"PROFIT"
5,"FusionGrip Harness","TH-348-FUSIONHARNESS","2026-05-30",5,14995,12707.63,5742.69,374.9,0,4569.91,7,2020.13,"PROFIT"
5,"FusionGrip Harness","TH-348-FUSIONHARNESS","2026-05-31",2,5998,5083.05,2348.6,149.96,0,4910.4,4,-2325.91,"LOSS"
6,"NapDen Donut Bed","TH-075-NAPDEN","2026-05-05",1,2799,2372.03,1400.03,69.98,0,0,0,902.02,"PROFIT"
6,"NapDen Donut Bed","TH-075-NAPDEN","2026-05-18",1,2799,2372.03,1400.03,69.98,0,0,0,902.02,"PROFIT"
6,"NapDen Donut Bed","TH-075-NAPDEN","2026-05-26",1,2999,2541.53,1860.01,74.98,0,0,0,606.54,"PROFIT"
6,"NapDen Donut Bed","TH-075-NAPDEN","2026-05-30",1,2499,2117.8,1360.01,62.48,0,0,0,695.31,"PROFIT"
8,"PocketPup Tote Bag","TH-054-TOTE","2026-05-03",1,1999,1694.07,573.03,49.98,0,0,0,1071.06,"PROFIT"
8,"PocketPup Tote Bag","TH-054-TOTE","2026-05-06",1,1999,1694.07,573.03,49.98,0,0,0,1071.06,"PROFIT"
8,"PocketPup Tote Bag","TH-054-TOTE","2026-05-07",3,5997,5082.2,1719.09,149.94,0,0,0,3213.17,"PROFIT"
8,"PocketPup Tote Bag","TH-054-TOTE","2026-05-09",1,1999,1694.07,573.03,49.98,0,0,0,1071.06,"PROFIT"
8,"PocketPup Tote Bag","TH-054-TOTE","2026-05-13",1,1999,1694.07,573.03,49.98,0,0,0,1071.06,"PROFIT"
8,"PocketPup Tote Bag","TH-054-TOTE","2026-05-15",1,1999,1694.07,573.03,49.98,0,0,0,1071.06,"PROFIT"
8,"PocketPup Tote Bag","TH-054-TOTE","2026-05-17",1,1999,1694.07,573.03,49.98,0,0,0,1071.06,"PROFIT"
8,"PocketPup Tote Bag","TH-054-TOTE","2026-05-19",1,1999,1694.07,560.53,62.48,0,0,0,1071.06,"PROFIT"
8,"PocketPup Tote Bag","TH-054-TOTE","2026-05-20",1,2499,2117.8,694.01,62.48,0,0,0,1361.31,"PROFIT"
8,"PocketPup Tote Bag","TH-054-TOTE","2026-05-30",1,2499,2117.8,694.01,62.48,0,0,0,1361.31,"PROFIT"
9,"Meow Scratch Lounge","TH-149-SCRATCHLOUNGE","2026-05-03",2,4998,4235.59,2015.06,124.96,0,0,0,2095.57,"PROFIT"
9,"Meow Scratch Lounge","TH-149-SCRATCHLOUNGE","2026-05-06",1,2499,2117.8,1007.53,62.48,0,0,0,1047.79,"PROFIT"
9,"Meow Scratch Lounge","TH-149-SCRATCHLOUNGE","2026-05-10",1,2499,2117.8,1007.53,62.48,0,0,0,1047.79,"PROFIT"
10,"TenderTrek Silicone Boots","TH-063-SILBOO","2026-05-03",1,2599,2202.54,535.03,64.98,0,0,0,1602.53,"PROFIT"
10,"TenderTrek Silicone Boots","TH-063-SILBOO","2026-05-10",1,2199,1863.56,452.02,54.98,0,0,0,1356.56,"PROFIT"
10,"TenderTrek Silicone Boots","TH-063-SILBOO","2026-05-12",1,2299,1948.31,465.53,57.48,0,0,0,1425.3,"PROFIT"
10,"TenderTrek Silicone Boots","TH-063-SILBOO","2026-05-13",1,2399,2033.05,480.03,59.98,0,0,0,1493.04,"PROFIT"
10,"TenderTrek Silicone Boots","TH-063-SILBOO","2026-05-14",2,4198,3557.63,873.04,104.96,0,0,0,2579.63,"PROFIT"
10,"TenderTrek Silicone Boots","TH-063-SILBOO","2026-05-17",1,2599,2202.54,535.03,64.98,117,0,0,1485.53,"PROFIT"
10,"TenderTrek Silicone Boots","TH-063-SILBOO","2026-05-19",1,2199,1863.56,432.02,74.98,0,0,0,1356.56,"PROFIT"
10,"TenderTrek Silicone Boots","TH-063-SILBOO","2026-05-27",1,2999,2541.53,564.33,74.98,0,0,0,1902.22,"PROFIT"
10,"TenderTrek Silicone Boots","TH-063-SILBOO","2026-05-31",1,2999,2541.53,635.53,74.98,0,0,0,1831.02,"PROFIT"
11,"PawTech Cleaner","TH-336-PAWTECH","2026-05-12",7,20993,17790.68,4844.21,524.86,117,3424.62,9,8879.99,"PROFIT"
11,"PawTech Cleaner","TH-336-PAWTECH","2026-05-13",21,62979,53372.03,14532.63,1574.58,351,12866.02,30,24047.8,"PROFIT"
11,"PawTech Cleaner","TH-336-PAWTECH","2026-05-14",2,6498,5506.78,1359.06,174.96,0,5118.49,1,-1145.73,"LOSS"
11,"PawTech Cleaner","TH-336-PAWTECH","2026-05-15",14,48986,41513.56,9513.42,1224.72,0,16236.11,18,14539.31,"PROFIT"
11,"PawTech Cleaner","TH-336-PAWTECH","2026-05-16",4,13996,11861.02,2718.12,349.92,117,7934.79,7,741.19,"PROFIT"
11,"PawTech Cleaner","TH-336-PAWTECH","2026-05-17",3,10497,8895.76,2038.59,262.44,0,13626.68,4,-7031.95,"LOSS"
11,"PawTech Cleaner","TH-336-PAWTECH","2026-05-18",6,20994,17791.53,4077.18,524.88,0,6227.77,6,6961.7,"PROFIT"
11,"PawTech Cleaner","TH-336-PAWTECH","2026-05-19",8,27992,23722.03,5436.24,699.84,117,11951.43,14,5517.52,"PROFIT"
11,"PawTech Cleaner","TH-336-PAWTECH","2026-05-20",3,10497,8895.76,2076.09,224.94,0,5912.09,2,682.64,"PROFIT"
11,"PawTech Cleaner","TH-336-PAWTECH","2026-05-21",13,38987,33039.83,8996.39,974.74,117,9980.9,16,12970.8,"PROFIT"
11,"PawTech Cleaner","TH-336-PAWTECH","2026-05-22",22,65978,55913.56,15224.66,1649.56,351,13712.15,32,24976.19,"PROFIT"
11,"PawTech Cleaner","TH-336-PAWTECH","2026-05-23",19,56981,48288.98,13148.57,1424.62,234,13720.62,28,19761.17,"PROFIT"
11,"PawTech Cleaner","TH-336-PAWTECH","2026-05-24",18,53982,45747.46,12456.54,1349.64,0,15638.68,24,16302.6,"PROFIT"
11,"PawTech Cleaner","TH-336-PAWTECH","2026-05-25",1,2999,2541.53,692.03,74.98,0,6007.56,4,-4233.04,"LOSS"
11,"PawTech Cleaner","TH-336-PAWTECH","2026-05-26",11,32989,27956.78,7612.33,824.78,117,5939.81,18,13462.86,"PROFIT"
11,"PawTech Cleaner","TH-336-PAWTECH","2026-05-27",15,44985,38122.88,10380.45,1124.7,0,9484.08,16,17133.65,"PROFIT"
11,"PawTech Cleaner","TH-336-PAWTECH","2026-05-28",15,44713.14,37892.49,10380.45,1124.7,0,7557.6,17,18829.74,"PROFIT"
11,"PawTech Cleaner","TH-336-PAWTECH","2026-05-29",7,20993,17790.68,4844.21,524.86,0,5686.67,11,6734.94,"PROFIT"
11,"PawTech Cleaner","TH-336-PAWTECH","2026-05-30",6,17994,15249.15,4152.18,449.88,0,5832.07,10,4815.02,"PROFIT"
11,"PawTech Cleaner","TH-336-PAWTECH","2026-05-31",12,35988,30498.31,8304.36,899.76,0,7817.31,15,13476.88,"PROFIT"
12,"Moonbeam Nap Pod","TH-182-MOONBEAMNAPPOD","2026-05-10",0,0,0,0,0,0,1785.93,0,-1785.93,"LOSS"
12,"Moonbeam Nap Pod","TH-182-MOONBEAMNAPPOD","2026-05-11",0,0,0,0,0,0,832.54,0,-832.54,"LOSS"
12,"Moonbeam Nap Pod","TH-182-MOONBEAMNAPPOD","2026-05-12",0,0,0,0,0,0,1649.7,1,-1649.7,"LOSS"
12,"Moonbeam Nap Pod","TH-182-MOONBEAMNAPPOD","2026-05-15",0,0,0,0,0,0,0,0,0,"BREAKEVEN"
12,"Moonbeam Nap Pod","TH-182-MOONBEAMNAPPOD","2026-05-25",1,3999,3388.98,2840.01,99.98,0,0,0,448.99,"PROFIT"
13,"K9 Harness","TH-103-K","2026-05-05",2,5198,4405.08,1970.06,129.96,117,0,0,2188.06,"PROFIT"
13,"K9 Harness","TH-103-K","2026-05-06",1,2499,2117.8,955.53,62.48,0,0,0,1099.79,"PROFIT"
13,"K9 Harness","TH-103-K","2026-05-08",1,2599,2202.54,985.03,64.98,0,0,0,1152.53,"PROFIT"
13,"K9 Harness","TH-103-K","2026-05-09",1,2599,2202.54,985.03,64.98,0,0,0,1152.53,"PROFIT"
13,"K9 Harness","TH-103-K","2026-05-12",1,2399,2033.05,926.03,59.98,117,0,0,930.04,"PROFIT"
13,"K9 Harness","TH-103-K","2026-05-17",1,2599,2202.54,985.03,64.98,0,0,0,1152.53,"PROFIT"
13,"K9 Harness","TH-103-K","2026-05-30",1,2999,2541.53,1302.34,74.98,0,0,0,1164.21,"PROFIT"
14,"Luxe Car Seat Cover","TH-121-LUXESEAT","2026-05-01",0,0,0,0,0,0,0,0,0,"BREAKEVEN"
14,"Luxe Car Seat Cover","TH-121-LUXESEAT","2026-05-04",2,5998,5083.05,2790.06,149.96,0,0,0,2143.03,"PROFIT"
14,"Luxe Car Seat Cover","TH-121-LUXESEAT","2026-05-05",1,2999,2541.53,1395.03,74.98,0,0,0,1071.52,"PROFIT"
14,"Luxe Car Seat Cover","TH-121-LUXESEAT","2026-05-06",0,0,0,0,0,0,1411.56,0,-1411.56,"LOSS"
14,"Luxe Car Seat Cover","TH-121-LUXESEAT","2026-05-07",0,0,0,0,0,0,920.07,0,-920.07,"LOSS"
14,"Luxe Car Seat Cover","TH-121-LUXESEAT","2026-05-13",1,2999,2541.53,1395.03,74.98,0,0,0,1071.52,"PROFIT"
14,"Luxe Car Seat Cover","TH-121-LUXESEAT","2026-05-17",1,2999,2541.53,1395.03,74.98,0,0,0,1071.52,"PROFIT"
14,"Luxe Car Seat Cover","TH-121-LUXESEAT","2026-05-30",1,3499,2965.25,1710.01,87.48,0,0,0,1167.76,"PROFIT"
15,"BlueJay Sneaks","TH-229-BLUEJAY","2026-05-03",1,1999,1694.07,617.03,49.98,0,0,0,1027.06,"PROFIT"
15,"BlueJay Sneaks","TH-229-BLUEJAY","2026-05-06",1,2399,2033.05,735.03,59.98,0,0,0,1238.04,"PROFIT"
16,"SnugBug Hut","TH-104-SNUGBUG","2026-05-07",1,2699,2287.29,842.53,67.48,0,0,0,1377.28,"PROFIT"
17,"MistCalm Brush","TH-287-MISTCALMBRUSH","2026-05-03",1,1499,1270.34,341.53,37.48,0,0,0,891.33,"PROFIT"
17,"MistCalm Brush","TH-287-MISTCALMBRUSH","2026-05-04",1,1499,1270.34,341.53,37.48,0,0,0,891.33,"PROFIT"
17,"MistCalm Brush","TH-287-MISTCALMBRUSH","2026-05-05",1,1499,1270.34,341.53,37.48,0,0,0,891.33,"PROFIT"
17,"MistCalm Brush","TH-287-MISTCALMBRUSH","2026-05-07",1,1499,1270.34,341.53,37.48,0,0,0,891.33,"PROFIT"
17,"MistCalm Brush","TH-287-MISTCALMBRUSH","2026-05-09",1,1499,1270.34,341.53,37.48,0,0,0,891.33,"PROFIT"
17,"MistCalm Brush","TH-287-MISTCALMBRUSH","2026-05-11",1,1499,1270.34,341.53,37.48,0,0,0,891.33,"PROFIT"
17,"MistCalm Brush","TH-287-MISTCALMBRUSH","2026-05-17",1,1499,1270.34,341.53,37.48,0,0,0,891.33,"PROFIT"
17,"MistCalm Brush","TH-287-MISTCALMBRUSH","2026-05-26",1,1999,1694.07,455.86,49.98,0,0,0,1188.23,"PROFIT"
17,"MistCalm Brush","TH-287-MISTCALMBRUSH","2026-05-29",1,1999,1694.07,455.86,49.98,0,0,0,1188.23,"PROFIT"
19,"FetchNova UFO Ball","TH-198-UFOBALL","2026-05-01",0,0,0,0,0,0,0,0,0,"BREAKEVEN"
19,"FetchNova UFO Ball","TH-198-UFOBALL","2026-05-02",0,0,0,0,0,0,0,0,0,"BREAKEVEN"
19,"FetchNova UFO Ball","TH-198-UFOBALL","2026-05-03",0,0,0,0,0,0,0,0,0,"BREAKEVEN"
19,"FetchNova UFO Ball","TH-198-UFOBALL","2026-05-05",22,21978,18625.42,5434.66,549.56,0,4099.73,18,8541.47,"PROFIT"
19,"FetchNova UFO Ball","TH-198-UFOBALL","2026-05-06",34,33966,28784.75,8399.02,849.32,234,8699.45,27,10602.96,"PROFIT"
19,"FetchNova UFO Ball","TH-198-UFOBALL","2026-05-07",52,51948,44023.73,12845.56,1298.96,468,9785.28,38,19625.93,"PROFIT"
19,"FetchNova UFO Ball","TH-198-UFOBALL","2026-05-08",57,56943,48256.78,14080.71,1423.86,0,11972.77,47,20779.44,"PROFIT"
19,"FetchNova UFO Ball","TH-198-UFOBALL","2026-05-09",59,58941,49950,14574.77,1473.82,234,14460.61,43,19206.8,"PROFIT"
19,"FetchNova UFO Ball","TH-198-UFOBALL","2026-05-10",52,51948,44023.73,12845.56,1298.96,0,16804.76,40,13074.45,"PROFIT"
19,"FetchNova UFO Ball","TH-198-UFOBALL","2026-05-11",21,20979,17778.81,5187.63,524.58,117,9135.74,16,2813.86,"PROFIT"
19,"FetchNova UFO Ball","TH-198-UFOBALL","2026-05-12",22,21978,18625.42,5434.66,549.56,0,8483.21,19,4157.99,"PROFIT"
19,"FetchNova UFO Ball","TH-198-UFOBALL","2026-05-13",44,43956,37250.85,10869.32,1099.12,234,10639.27,31,14409.14,"PROFIT"
19,"FetchNova UFO Ball","TH-198-UFOBALL","2026-05-14",40,39960,33864.41,9881.2,999.2,234,13364.67,30,9385.34,"PROFIT"
19,"FetchNova UFO Ball","TH-198-UFOBALL","2026-05-15",26,25974,22011.86,6422.78,649.48,117,10745.21,21,4077.39,"PROFIT"
19,"FetchNova UFO Ball","TH-198-UFOBALL","2026-05-16",25,24975,21165.25,6175.75,624.5,468,12858.24,32,1038.76,"PROFIT"
19,"FetchNova UFO Ball","TH-198-UFOBALL","2026-05-17",27,26973,22858.47,6669.81,674.46,0,14951.52,32,562.68,"PROFIT"
19,"FetchNova UFO Ball","TH-198-UFOBALL","2026-05-18",31,30969,26244.92,7657.93,774.38,585,15000.86,35,2226.75,"PROFIT"
19,"FetchNova UFO Ball","TH-198-UFOBALL","2026-05-19",19,18981,16085.59,4693.57,474.62,117,14834.51,28,-4034.11,"LOSS"
19,"FetchNova UFO Ball","TH-198-UFOBALL","2026-05-20",21,20979,17778.81,8362.03,524.58,117,14127.42,30,-5352.22,"LOSS"
19,"FetchNova UFO Ball","TH-198-UFOBALL","2026-05-21",26,25974,22011.86,10549.5,649.48,117,11446.92,32,-751.04,"LOSS"
19,"FetchNova UFO Ball","TH-198-UFOBALL","2026-05-22",20,19980,16932.2,8115,499.6,117,10756.87,28,-2556.27,"LOSS"
19,"FetchNova UFO Ball","TH-198-UFOBALL","2026-05-23",18,17982,15238.98,7303.5,449.64,0,10235.49,23,-2749.65,"LOSS"
19,"FetchNova UFO Ball","TH-198-UFOBALL","2026-05-24",16,15984,13545.76,6492,399.68,0,13134.74,22,-6480.66,"LOSS"
19,"FetchNova UFO Ball","TH-198-UFOBALL","2026-05-25",7,6993,5926.27,2840.25,174.86,0,5798.57,10,-2887.41,"LOSS"
19,"FetchNova UFO Ball","TH-198-UFOBALL","2026-05-26",10,9990,8466.1,4057.5,249.8,0,4511.07,11,-352.27,"LOSS"
19,"FetchNova UFO Ball","TH-198-UFOBALL","2026-05-27",5,4995,4233.05,2028.75,124.9,0,3821.24,5,-1741.84,"LOSS"
19,"FetchNova UFO Ball","TH-198-UFOBALL","2026-05-28",6,5994,5079.66,2434.5,149.88,0,1848.57,1,646.71,"PROFIT"
19,"FetchNova UFO Ball","TH-198-UFOBALL","2026-05-29",12,11988,10159.32,4869,299.76,0,5003.11,16,-12.55,"LOSS"
19,"FetchNova UFO Ball","TH-198-UFOBALL","2026-05-30",9,8991,7619.49,3651.75,224.82,117,3163.85,7,462.07,"PROFIT"
19,"FetchNova UFO Ball","TH-198-UFOBALL","2026-05-31",5,4995,4233.05,2028.75,124.9,0,1824.54,3,254.86,"PROFIT"
20,"ChillSip Bowl","TH-209-CHILLBOWL","2026-05-01",6,7794,6605.08,3069.18,194.88,0,0,0,3341.02,"PROFIT"
20,"ChillSip Bowl","TH-209-CHILLBOWL","2026-05-02",11,14289,12109.32,5626.83,357.28,351,0,0,5774.21,"PROFIT"
20,"ChillSip Bowl","TH-209-CHILLBOWL","2026-05-03",8,10392,8806.78,4092.24,259.84,117,0,0,4337.7,"PROFIT"
20,"ChillSip Bowl","TH-209-CHILLBOWL","2026-05-04",1,1299,1100.85,511.53,32.48,117,0,0,439.84,"PROFIT"
20,"ChillSip Bowl","TH-209-CHILLBOWL","2026-05-05",3,3897,3302.54,1534.59,97.44,0,0,0,1670.51,"PROFIT"
20,"ChillSip Bowl","TH-209-CHILLBOWL","2026-05-06",3,3897,3302.54,1534.59,97.44,0,0,0,1670.51,"PROFIT"
20,"ChillSip Bowl","TH-209-CHILLBOWL","2026-05-07",9,11691,9907.63,4603.77,292.32,0,0,0,5011.54,"PROFIT"
20,"ChillSip Bowl","TH-209-CHILLBOWL","2026-05-08",5,6495,5504.24,2557.65,162.4,117,0,0,2667.19,"PROFIT"
20,"ChillSip Bowl","TH-209-CHILLBOWL","2026-05-09",5,6495,5504.24,2557.65,162.4,117,0,0,2667.19,"PROFIT"
20,"ChillSip Bowl","TH-209-CHILLBOWL","2026-05-10",4,5196,4403.39,2046.12,129.92,117,0,0,2110.35,"PROFIT"
20,"ChillSip Bowl","TH-209-CHILLBOWL","2026-05-11",6,7794,6605.08,3069.18,194.88,0,0,0,3341.02,"PROFIT"
20,"ChillSip Bowl","TH-209-CHILLBOWL","2026-05-12",2,2598,2201.69,1023.06,64.96,0,0,0,1113.67,"PROFIT"
20,"ChillSip Bowl","TH-209-CHILLBOWL","2026-05-13",4,5196,4403.39,2046.12,129.92,0,0,0,2227.35,"PROFIT"
20,"ChillSip Bowl","TH-209-CHILLBOWL","2026-05-14",1,1499,1270.34,506.53,37.48,0,0,0,726.33,"PROFIT"
20,"ChillSip Bowl","TH-209-CHILLBOWL","2026-05-15",4,5996,5081.36,2026.12,149.92,0,0,0,2905.32,"PROFIT"
20,"ChillSip Bowl","TH-209-CHILLBOWL","2026-05-16",1,1499,1270.34,506.53,37.48,0,0,0,726.33,"PROFIT"
20,"ChillSip Bowl","TH-209-CHILLBOWL","2026-05-17",1,1499,1270.34,506.53,37.48,0,0,0,726.33,"PROFIT"
20,"ChillSip Bowl","TH-209-CHILLBOWL","2026-05-18",2,2998,2540.68,1013.06,74.96,0,0,0,1452.66,"PROFIT"
20,"ChillSip Bowl","TH-209-CHILLBOWL","2026-05-19",2,2998,2540.68,1435.26,74.96,0,0,0,1030.46,"PROFIT"
20,"ChillSip Bowl","TH-209-CHILLBOWL","2026-05-21",4,5996,5081.36,2870.52,149.92,117,0,0,1943.92,"PROFIT"
20,"ChillSip Bowl","TH-209-CHILLBOWL","2026-05-23",1,1499,1270.34,717.63,37.48,0,0,0,515.23,"PROFIT"
20,"ChillSip Bowl","TH-209-CHILLBOWL","2026-05-24",3,4497,3811.02,2152.89,112.44,117,0,0,1428.69,"PROFIT"
20,"ChillSip Bowl","TH-209-CHILLBOWL","2026-05-25",2,2998,2540.68,1435.26,74.96,0,0,0,1030.46,"PROFIT"
20,"ChillSip Bowl","TH-209-CHILLBOWL","2026-05-26",2,2998,2540.68,1435.26,74.96,0,0,0,1030.46,"PROFIT"
20,"ChillSip Bowl","TH-209-CHILLBOWL","2026-05-27",3,4497,3811.02,2152.89,112.44,0,0,0,1545.69,"PROFIT"
20,"ChillSip Bowl","TH-209-CHILLBOWL","2026-05-28",1,1499,1270.34,717.63,37.48,0,0,0,515.23,"PROFIT"
20,"ChillSip Bowl","TH-209-CHILLBOWL","2026-05-29",4,5996,5081.36,2870.52,149.92,234,0,0,1826.92,"PROFIT"
20,"ChillSip Bowl","TH-209-CHILLBOWL","2026-05-30",1,1499,1270.34,717.63,37.48,0,0,0,515.23,"PROFIT"
20,"ChillSip Bowl","TH-209-CHILLBOWL","2026-05-31",1,1273.17,1078.96,717.63,37.48,0,0,0,323.85,"PROFIT"
21,"TangleGuard Leash","TH-152-TANGLELEASH","2026-05-03",1,2999,2541.53,1180.03,74.98,0,0,0,1286.52,"PROFIT"
21,"TangleGuard Leash","TH-152-TANGLELEASH","2026-05-05",1,2999,2541.53,1180.03,74.98,0,0,0,1286.52,"PROFIT"
21,"TangleGuard Leash","TH-152-TANGLELEASH","2026-05-08",1,2999,2541.53,1180.03,74.98,117,0,0,1169.52,"PROFIT"
21,"TangleGuard Leash","TH-152-TANGLELEASH","2026-05-11",6,17994,15249.15,7080.18,449.88,0,2389.52,9,5329.57,"PROFIT"
21,"TangleGuard Leash","TH-152-TANGLELEASH","2026-05-12",16,47984,40664.41,18880.48,1199.68,117,15519.65,22,4947.6,"PROFIT"
21,"TangleGuard Leash","TH-152-TANGLELEASH","2026-05-13",12,35988,30498.31,14160.36,899.76,117,16798.71,16,-1477.52,"LOSS"
21,"TangleGuard Leash","TH-152-TANGLELEASH","2026-05-14",8,25492,21603.39,9340.24,699.84,117,10811.73,13,634.58,"PROFIT"
21,"TangleGuard Leash","TH-152-TANGLELEASH","2026-05-15",6,20994,17791.53,7005.18,524.88,0,12971.79,10,-2710.32,"LOSS"
21,"TangleGuard Leash","TH-152-TANGLELEASH","2026-05-16",8,27992,23722.03,9340.24,699.84,0,10795.5,9,2886.45,"PROFIT"
21,"TangleGuard Leash","TH-152-TANGLELEASH","2026-05-17",4,13996,11861.02,4670.12,349.92,0,9138.99,6,-2298.01,"LOSS"
21,"TangleGuard Leash","TH-152-TANGLELEASH","2026-05-18",0,0,0,0,0,0,4009.11,0,-4009.11,"LOSS"
21,"TangleGuard Leash","TH-152-TANGLELEASH","2026-05-19",1,3499,2965.25,1167.53,87.48,0,1986.3,1,-276.06,"LOSS"
21,"TangleGuard Leash","TH-152-TANGLELEASH","2026-05-20",8,26492,22450.85,11003.6,599.84,117,12164.29,12,-1433.88,"LOSS"
21,"TangleGuard Leash","TH-152-TANGLELEASH","2026-05-21",6,17994,15249.15,8252.7,449.88,0,6427.51,7,119.06,"PROFIT"
21,"TangleGuard Leash","TH-152-TANGLELEASH","2026-05-22",3,8997,7624.58,4126.35,224.94,117,3040.68,1,115.61,"PROFIT"
21,"TangleGuard Leash","TH-152-TANGLELEASH","2026-05-23",3,8997,7624.58,4126.35,224.94,0,7013.78,6,-3740.49,"LOSS"
21,"TangleGuard Leash","TH-152-TANGLELEASH","2026-05-24",7,20993,17790.68,9628.15,524.86,0,6564.6,10,1073.07,"PROFIT"
21,"TangleGuard Leash","TH-152-TANGLELEASH","2026-05-25",8,23992,20332.2,11003.6,599.84,117,6647.24,11,1964.52,"PROFIT"
21,"TangleGuard Leash","TH-152-TANGLELEASH","2026-05-26",7,20993,17790.68,9628.15,524.86,0,5722.78,11,1914.89,"PROFIT"
21,"TangleGuard Leash","TH-152-TANGLELEASH","2026-05-27",2,5998,5083.05,2750.9,149.96,0,3336.75,7,-1154.56,"LOSS"
21,"TangleGuard Leash","TH-152-TANGLELEASH","2026-05-28",2,5998,5083.05,2750.9,149.96,0,2879.8,3,-697.61,"LOSS"
21,"TangleGuard Leash","TH-152-TANGLELEASH","2026-05-29",5,14995,12707.63,6877.25,374.9,0,4128.06,11,1327.42,"PROFIT"
21,"TangleGuard Leash","TH-152-TANGLELEASH","2026-05-30",3,8997,7624.58,4126.35,224.94,117,2499.05,2,657.24,"PROFIT"
21,"TangleGuard Leash","TH-152-TANGLELEASH","2026-05-31",1,2999,2541.53,1375.45,74.98,0,1362.14,0,-271.04,"LOSS"
